{
  "mean": [
    16.68734359741211,
    17.914962768554688,
    18.38168716430664,
    18.185760498046875,
    19.993736267089844,
    20.24787139892578,
    20.439481735229492,
    20.963417053222656,
    20.86397933959961,
    20.94309425354004,
    20.799644470214844,
    20.691314697265625,
    20.739198684692383,
    20.800167083740234,
    20.826030731201172,
    20.799842834472656,
    20.72860336303711,
    20.57887077331543,
    20.40821075439453,
    20.23592758178711,
    19.994075775146484,
    19.87261962890625,
    19.605127334594727,
    19.430578231811523,
    19.072959899902344,
    18.919872283935547,
    18.917020797729492,
    18.54953956604004,
    18.468297958374023,
    18.633785247802734,
    18.19830322265625,
    18.46268081665039,
    18.22003936767578,
    18.442916870117188,
    18.231229782104492,
    18.393415451049805,
    18.28206443786621,
    18.167049407958984,
    18.08083724975586,
    17.865234375,
    17.69134521484375,
    17.599979400634766,
    17.59995460510254,
    17.550140380859375,
    17.54192352294922,
    17.55180549621582,
    17.5999813079834,
    17.599977493286133,
    17.637161254882812,
    17.599990844726562,
    17.599987030029297,
    17.363805770874023,
    17.262704849243164,
    17.168508529663086,
    17.099254608154297,
    17.141904830932617,
    17.176118850708008,
    17.19143295288086,
    17.156116485595703,
    16.978288650512695,
    16.71904182434082,
    16.371192932128906,
    15.999993324279785,
    15.999719619750977,
    15.75448989868164,
    15.607893943786621,
    15.501667022705078,
    15.432634353637695,
    15.398758888244629,
    15.380558967590332,
    15.35734748840332,
    15.347089767456055,
    15.347393989562988,
    15.33784294128418,
    15.34133243560791,
    15.32830810546875,
    15.305623054504395,
    15.267088890075684,
    15.23783016204834,
    15.185386657714844
  ],
  "invstddev": [
    0.25498083233833313,
    0.26108017563819885,
    0.27647528052330017,
    0.240072563290596,
    0.22407828271389008,
    0.2447758913040161,
    0.2399774044752121,
    0.21646961569786072,
    0.2404225468635559,
    0.2231513261795044,
    0.2610324025154114,
    0.26221993565559387,
    0.2653389871120453,
    0.2364882230758667,
    0.23561877012252808,
    0.24420833587646484,
    0.2471516877412796,
    0.23456446826457977,
    0.23145374655723572,
    0.23457805812358856,
    0.2152610719203949,
    0.2309822142124176,
    0.22717346251010895,
    0.2547819912433624,
    0.22240397334098816,
    0.23931589722633362,
    0.2497899830341339,
    0.25274980068206787,
    0.2614859938621521,
    0.2531060576438904,
    0.24181176722049713,
    0.2632847726345062,
    0.2416759729385376,
    0.27233394980430603,
    0.2445923537015915,
    0.2733582854270935,
    0.25644299387931824,
    0.23636701703071594,
    0.24386216700077057,
    0.2537246644496918,
    0.2327861487865448,
    0.2459690123796463,
    0.27355894446372986,
    0.2707816958427429,
    0.27238327264785767,
    0.2658085525035858,
    0.23929789662361145,
    0.24211981892585754,
    0.22896549105644226,
    0.23957815766334534,
    0.2590392827987671,
    0.2511264681816101,
    0.27080774307250977,
    0.2786915600299835,
    0.28546229004859924,
    0.2858036458492279,
    0.25856080651283264,
    0.25351282954216003,
    0.26123538613319397,
    0.2635866105556488,
    0.256386935710907,
    0.2468385249376297,
    0.21651668846607208,
    0.25498589873313904,
    0.2340279221534729,
    0.240578755736351,
    0.25239822268486023,
    0.24281060695648193,
    0.2618887722492218,
    0.2664845585823059,
    0.2716829180717468,
    0.27174291014671326,
    0.27102604508399963,
    0.2738862633705139,
    0.272055447101593,
    0.2732740342617035,
    0.27616238594055176,
    0.27790746092796326,
    0.27845075726509094,
    0.27513715624809265
  ]
}